{"42": 1.8778510093688965, "43": 1.9240632057189941, "44": 2.438106060028076, "45": 1.7367029190063477, "46": 1.9349792003631592, "47": 1.8942699432373047, "48": 2.3673720359802246, "49": 1.698570966720581, "50": 3.1130049228668213, "51": 2.3313839435577393, "52": 2.5381879806518555, "53": 1.8036389350891113, "54": 1.7315809726715088, "55": 2.204447031021118, "56": 1.9286038875579834, "57": 1.9319860935211182, "58": 2.1880850791931152, "59": 2.1572110652923584, "60": 2.1745200157165527, "61": 1.9513001441955566, "62": 1.959514856338501, "63": 1.5873520374298096, "64": 2.090679168701172, "65": 2.2317512035369873, "66": 2.5282959938049316, "67": 1.9623239040374756, "68": 2.0762150287628174, "69": 1.6040091514587402, "70": 2.1852879524230957, "71": 2.3249828815460205, "72": 2.526669979095459, "73": 3.2560441493988037, "74": 1.804183006286621, "75": 1.9843220710754395, "76": 2.366353988647461, "77": 2.41965389251709, "78": 1.853154182434082, "79": 1.9910199642181396, "80": 1.8002219200134277, "81": 2.1259379386901855, "82": 2.033928871154785, "83": 2.0366199016571045, "84": 2.2886290550231934, "85": 2.1265969276428223, "86": 2.450222969055176, "87": 2.5531160831451416, "88": 1.658639907836914, "89": 1.6108810901641846, "90": 2.0655200481414795, "91": 1.956984043121338}