{"0.0": {"avg": 0.6243594884872437, "values": [0.18911504745483398, 1.0596039295196533], "no_to": 2, "min": 0.18911504745483398}, "0.04": {"avg": 0.6373285055160522, "values": [0.18616700172424316, 1.0884900093078613], "no_to": 2, "min": 0.18616700172424316}, "0.22": {"avg": 0.7582575082778931, "values": [0.19018793106079102, 1.3263270854949951], "no_to": 2, "min": 0.19018793106079102}, "0.18": {"avg": 0.6555975675582886, "values": [0.1846170425415039, 1.1265780925750732], "no_to": 2, "min": 0.1846170425415039}, "0.38": {"avg": 0.613381028175354, "values": [0.18033409118652344, 1.0464279651641846], "no_to": 2, "min": 0.18033409118652344}, "0.06": {"avg": 0.615104079246521, "values": [0.17961502075195312, 1.0505931377410889], "no_to": 2, "min": 0.17961502075195312}, "0.16": {"avg": 0.6523025035858154, "values": [0.20267200469970703, 1.1019330024719238], "no_to": 2, "min": 0.20267200469970703}, "0.12": {"avg": 0.7980985641479492, "values": [0.1943039894104004, 1.401893138885498], "no_to": 2, "min": 0.1943039894104004}, "0.26": {"avg": 0.6497740745544434, "values": [0.19026613235473633, 1.1092820167541504], "no_to": 2, "min": 0.19026613235473633}, "0.24": {"avg": 0.6355459690093994, "values": [0.18962597846984863, 1.0814659595489502], "no_to": 2, "min": 0.18962597846984863}, "0.08": {"avg": 0.7057344913482666, "values": [0.1888430118560791, 1.222625970840454], "no_to": 2, "min": 0.1888430118560791}, "0.42": {"avg": 0.6565314531326294, "values": [0.1841120719909668, 1.128950834274292], "no_to": 2, "min": 0.1841120719909668}, "0.44": {"avg": 0.6449054479598999, "values": [0.20492196083068848, 1.0848889350891113], "no_to": 2, "min": 0.20492196083068848}, "0.36": {"avg": 0.6066720485687256, "values": [0.1785440444946289, 1.0348000526428223], "no_to": 2, "min": 0.1785440444946289}, "0.3": {"avg": 0.6383951902389526, "values": [0.1820971965789795, 1.0946931838989258], "no_to": 2, "min": 0.1820971965789795}, "0.2": {"avg": 0.6315155029296875, "values": [0.18137097358703613, 1.0816600322723389], "no_to": 2, "min": 0.18137097358703613}, "0.48": {"avg": 0.6197009086608887, "values": [0.19623088836669922, 1.0431709289550781], "no_to": 2, "min": 0.19623088836669922}, "0.46": {"avg": 0.6537964344024658, "values": [0.19207501411437988, 1.1155178546905518], "no_to": 2, "min": 0.19207501411437988}, "0.14": {"avg": 0.710816502571106, "values": [0.21039104461669922, 1.2112419605255127], "no_to": 2, "min": 0.21039104461669922}, "0.32": {"avg": 0.6245524883270264, "values": [0.18026399612426758, 1.0688409805297852], "no_to": 2, "min": 0.18026399612426758}, "0.1": {"avg": 0.6292650699615479, "values": [0.20002007484436035, 1.0585100650787354], "no_to": 2, "min": 0.20002007484436035}, "0.4": {"avg": 0.6819590330123901, "values": [0.2618691921234131, 1.1020488739013672], "no_to": 2, "min": 0.2618691921234131}, "0.02": {"avg": 0.6420115232467651, "values": [0.18381500244140625, 1.100208044052124], "no_to": 2, "min": 0.18381500244140625}, "0.34": {"avg": 0.6145975589752197, "values": [0.18016409873962402, 1.0490310192108154], "no_to": 2, "min": 0.18016409873962402}, "0.28": {"avg": 0.6291279792785645, "values": [0.18799090385437012, 1.0702650547027588], "no_to": 2, "min": 0.18799090385437012}}