{"42": 17.20725107192993, "43": 17.03418493270874, "44": 12.073946952819824, "45": 1.4584059715270996, "46": 20.00011396408081, "47": 3.7276270389556885, "48": 2.5183990001678467, "49": 20.000169038772583, "50": 20.000107049942017, "51": 2.6343419551849365, "52": 8.91281509399414, "53": 20.00015115737915, "54": 19.779527187347412, "55": 20.000108003616333, "56": 20.000107049942017, "57": 1.2827560901641846, "58": 16.647781133651733, "59": 0.9774181842803955, "60": 1.9196391105651855, "61": 20.000135898590088, "62": 5.691306114196777, "63": 6.178300142288208, "64": 1.8483178615570068, "65": 20.000075101852417, "66": 7.454648017883301, "67": 20.00012183189392, "68": 6.085569143295288, "69": 20.00010108947754, "70": 20.000080108642578, "71": 20.000099182128906, "72": 7.110091924667358, "73": 2.249607801437378, "74": 20.000099897384644, "75": 20.000128030776978, "76": 20.0001060962677, "77": 4.367927074432373, "78": 3.228174924850464, "79": 20.00014615058899, "80": 20.000097036361694, "81": 6.96272087097168, "82": 2.028918981552124, "83": 1.613586187362671, "84": 4.912883996963501, "85": 8.85639214515686, "86": 17.947140216827393, "87": 7.534073114395142, "88": 1.3407220840454102, "89": 20.00010108947754, "90": 5.490890026092529, "91": 1.1209759712219238}