{"42": 0.4003159999847412, "43": 1.2088310718536377, "44": 0.8196849822998047, "45": 0.41636204719543457, "46": 2.668370008468628, "47": 1.1435580253601074, "48": 2.0341861248016357, "49": 2.089578866958618, "50": 2.8821349143981934, "51": 1.304368019104004, "52": 0.5003690719604492, "53": 0.9103999137878418, "54": 1.2444438934326172, "55": 2.3498759269714355, "56": 1.5595269203186035, "57": 2.103295087814331, "58": 0.9313669204711914, "59": 3.8799729347229004, "60": 1.441105842590332, "61": 1.0625832080841064, "62": 2.602663040161133, "63": 1.1095681190490723, "64": 1.5792441368103027, "65": 1.5051651000976562, "66": 5.299783945083618, "67": 1.4844839572906494, "68": 1.1400978565216064, "69": 10.84711503982544, "70": 2.555633068084717, "71": 0.6070480346679688, "72": 1.4433529376983643, "73": 1.3520328998565674, "74": 1.8104970455169678, "75": 1.4212520122528076, "76": 4.977120876312256, "77": 0.4035000801086426, "78": 0.5894100666046143, "79": 0.8988721370697021, "80": 6.05510401725769, "81": 0.6277260780334473, "82": 1.8150138854980469, "83": 1.1793479919433594, "84": 0.34134578704833984, "85": 0.4659879207611084, "86": 11.624181985855103, "87": 1.1296980381011963, "88": 0.7149779796600342, "89": 0.43969011306762695, "90": 0.6894350051879883, "91": 1.046097993850708}